{
  "measurements" : [
    {
      "min_time_ms" : 0,
      "max_time_ms" : 0.0010728836059570312,
      "data_size" : 50,
      "iterations" : 10,
      "avg_time_ms" : 0.00010728836059570312
    },
    {
      "data_size" : 100,
      "min_time_ms" : 4.6060085296630859,
      "avg_time_ms" : 4.6833157539367676,
      "max_time_ms" : 4.7819614410400391,
      "iterations" : 10
    },
    {
      "min_time_ms" : 6.7470073699951172,
      "max_time_ms" : 7.1020126342773438,
      "avg_time_ms" : 6.9426178932189941,
      "iterations" : 10,
      "data_size" : 200
    },
    {
      "avg_time_ms" : 6.8327903747558594,
      "min_time_ms" : 6.7420005798339844,
      "max_time_ms" : 6.9599151611328125,
      "iterations" : 10,
      "data_size" : 500
    }
  ]
}